PartitionKey,RowKey,alertTimestamp,anomalyTimestamp,cloudReceivedTimestamp,deviceId,deviceType,edgeAnomalyType,edgeDetectionJson,edgeIsAnomaly,edgeReceivedTimestamp,experimentId,filteredTimestamp,groundTruthJson,iotHubEnqueuedTimestamp,messageType,normalizedTimestamp,originDeviceId,originModuleId,payloadJson,runId,scenario,sensorTimestamp,sequence
budgeted_800k_s0_s1_s2|S2_HYBRID|s2_90_normal_rep1_smoke_20260504_012304,alert|edge-gateway-b-ubuntu|local-alert-service|compressor-002|000000000031|15198,2026-05-03T23:32:16.264446Z,2026-05-03T23:32:16.250831Z,2026-05-03T23:32:16.454663Z,compressor-002,compressor,pressure_instability,"{""anomalyType"":""pressure_instability"",""isAnomaly"":true,""matchedRules"":[""compressor.pressure_instability""],""score"":0.84,""severity"":""warning""}",True,2026-05-03T23:32:16.181899Z,budgeted_800k_s0_s1_s2,2026-05-03T23:32:16.242077Z,"{""anomalyType"":""pressure_instability"",""isAnomaly"":true}",2026-05-03T23:32:16.437,alert,2026-05-03T23:32:16.195140Z,edge-gateway-b-ubuntu,local-alert-service,"{""alertTimestamp"":""2026-05-03T23:32:16.264446Z"",""anomalyTimestamp"":""2026-05-03T23:32:16.250831Z"",""cloudReceivedTimestamp"":""2026-05-03T23:32:16.454663Z"",""deviceId"":""compressor-002"",""deviceType"":""compressor"",""edgeDetection"":{""anomalyType"":""pressure_instability"",""isAnomaly"":true,""matchedRules"":[""compressor.pressure_instability""],""score"":0.84,""severity"":""warning""},""edgeReceivedTimestamp"":""2026-05-03T23:32:16.181899Z"",""experimentId"":""budgeted_800k_s0_s1_s2"",""filteredTimestamp"":""2026-05-03T23:32:16.242077Z"",""groundTruth"":{""anomalyType"":""pressure_instability"",""isAnomaly"":true},""messageType"":""alert"",""normalizedTimestamp"":""2026-05-03T23:32:16.195140Z"",""runId"":""s2_90_normal_rep1_smoke_20260504_012304"",""scenario"":""S2_HYBRID"",""sensorTimestamp"":""2026-01-01T00:00:34.400000Z"",""sequence"":31}",s2_90_normal_rep1_smoke_20260504_012304,S2_HYBRID,2026-01-01T00:00:34.400000Z,31
budgeted_800k_s0_s1_s2|S2_HYBRID|s2_90_normal_rep1_smoke_20260504_012304,alert|edge-gateway-b-ubuntu|local-alert-service|compressor-002|000000000035|15241,2026-05-03T23:32:20.627194Z,2026-05-03T23:32:20.614550Z,2026-05-03T23:32:20.912073Z,compressor-002,compressor,pressure_instability,"{""anomalyType"":""pressure_instability"",""isAnomaly"":true,""matchedRules"":[""compressor.pressure_instability""],""score"":0.84,""severity"":""warning""}",True,2026-05-03T23:32:20.589037Z,budgeted_800k_s0_s1_s2,2026-05-03T23:32:20.604605Z,"{""anomalyType"":""pressure_instability"",""isAnomaly"":true}",2026-05-03T23:32:20.896,alert,2026-05-03T23:32:20.597417Z,edge-gateway-b-ubuntu,local-alert-service,"{""alertTimestamp"":""2026-05-03T23:32:20.627194Z"",""anomalyTimestamp"":""2026-05-03T23:32:20.614550Z"",""cloudReceivedTimestamp"":""2026-05-03T23:32:20.912073Z"",""deviceId"":""compressor-002"",""deviceType"":""compressor"",""edgeDetection"":{""anomalyType"":""pressure_instability"",""isAnomaly"":true,""matchedRules"":[""compressor.pressure_instability""],""score"":0.84,""severity"":""warning""},""edgeReceivedTimestamp"":""2026-05-03T23:32:20.589037Z"",""experimentId"":""budgeted_800k_s0_s1_s2"",""filteredTimestamp"":""2026-05-03T23:32:20.604605Z"",""groundTruth"":{""anomalyType"":""pressure_instability"",""isAnomaly"":true},""messageType"":""alert"",""normalizedTimestamp"":""2026-05-03T23:32:20.597417Z"",""runId"":""s2_90_normal_rep1_smoke_20260504_012304"",""scenario"":""S2_HYBRID"",""sensorTimestamp"":""2026-01-01T00:00:38.844444Z"",""sequence"":35}",s2_90_normal_rep1_smoke_20260504_012304,S2_HYBRID,2026-01-01T00:00:38.844444Z,35
budgeted_800k_s0_s1_s2|S2_HYBRID|s2_90_normal_rep1_smoke_20260504_012304,alert|edge-gateway-b-ubuntu|local-alert-service|compressor-002|000000000048|15381,2026-05-03T23:32:35.112817Z,2026-05-03T23:32:35.099705Z,2026-05-03T23:32:35.324516Z,compressor-002,compressor,pressure_instability,"{""anomalyType"":""pressure_instability"",""isAnomaly"":true,""matchedRules"":[""compressor.pressure_instability""],""score"":0.84,""severity"":""warning""}",True,2026-05-03T23:32:35.063923Z,budgeted_800k_s0_s1_s2,2026-05-03T23:32:35.089772Z,"{""anomalyType"":""pressure_instability"",""isAnomaly"":true}",2026-05-03T23:32:35.305,alert,2026-05-03T23:32:35.068102Z,edge-gateway-b-ubuntu,local-alert-service,"{""alertTimestamp"":""2026-05-03T23:32:35.112817Z"",""anomalyTimestamp"":""2026-05-03T23:32:35.099705Z"",""cloudReceivedTimestamp"":""2026-05-03T23:32:35.324516Z"",""deviceId"":""compressor-002"",""deviceType"":""compressor"",""edgeDetection"":{""anomalyType"":""pressure_instability"",""isAnomaly"":true,""matchedRules"":[""compressor.pressure_instability""],""score"":0.84,""severity"":""warning""},""edgeReceivedTimestamp"":""2026-05-03T23:32:35.063923Z"",""experimentId"":""budgeted_800k_s0_s1_s2"",""filteredTimestamp"":""2026-05-03T23:32:35.089772Z"",""groundTruth"":{""anomalyType"":""pressure_instability"",""isAnomaly"":true},""messageType"":""alert"",""normalizedTimestamp"":""2026-05-03T23:32:35.068102Z"",""runId"":""s2_90_normal_rep1_smoke_20260504_012304"",""scenario"":""S2_HYBRID"",""sensorTimestamp"":""2026-01-01T00:00:53.288889Z"",""sequence"":48}",s2_90_normal_rep1_smoke_20260504_012304,S2_HYBRID,2026-01-01T00:00:53.288889Z,48
budgeted_800k_s0_s1_s2|S2_HYBRID|s2_90_normal_rep1_smoke_20260504_012304,alert|edge-gateway-b-ubuntu|local-alert-service|compressor-002|000000000052|15441,2026-05-03T23:32:39.554090Z,2026-05-03T23:32:39.507290Z,2026-05-03T23:32:39.826620Z,compressor-002,compressor,pressure_instability,"{""anomalyType"":""pressure_instability"",""isAnomaly"":true,""matchedRules"":[""compressor.pressure_instability""],""score"":0.84,""severity"":""warning""}",True,2026-05-03T23:32:39.478996Z,budgeted_800k_s0_s1_s2,2026-05-03T23:32:39.498295Z,"{""anomalyType"":""pressure_instability"",""isAnomaly"":true}",2026-05-03T23:32:39.807,alert,2026-05-03T23:32:39.483653Z,edge-gateway-b-ubuntu,local-alert-service,"{""alertTimestamp"":""2026-05-03T23:32:39.554090Z"",""anomalyTimestamp"":""2026-05-03T23:32:39.507290Z"",""cloudReceivedTimestamp"":""2026-05-03T23:32:39.826620Z"",""deviceId"":""compressor-002"",""deviceType"":""compressor"",""edgeDetection"":{""anomalyType"":""pressure_instability"",""isAnomaly"":true,""matchedRules"":[""compressor.pressure_instability""],""score"":0.84,""severity"":""warning""},""edgeReceivedTimestamp"":""2026-05-03T23:32:39.478996Z"",""experimentId"":""budgeted_800k_s0_s1_s2"",""filteredTimestamp"":""2026-05-03T23:32:39.498295Z"",""groundTruth"":{""anomalyType"":""pressure_instability"",""isAnomaly"":true},""messageType"":""alert"",""normalizedTimestamp"":""2026-05-03T23:32:39.483653Z"",""runId"":""s2_90_normal_rep1_smoke_20260504_012304"",""scenario"":""S2_HYBRID"",""sensorTimestamp"":""2026-01-01T00:00:57.733333Z"",""sequence"":52}",s2_90_normal_rep1_smoke_20260504_012304,S2_HYBRID,2026-01-01T00:00:57.733333Z,52
budgeted_800k_s0_s1_s2|S2_HYBRID|s2_90_normal_rep1_smoke_20260504_012304,alert|edge-gateway-b-ubuntu|local-alert-service|conveyor-009|000000000046|15349,2026-05-03T23:32:32.653122Z,2026-05-03T23:32:32.599685Z,2026-05-03T23:32:32.872157Z,conveyor-009,conveyor,jam,"{""anomalyType"":""jam"",""isAnomaly"":true,""matchedRules"":[""conveyor.jam""],""score"":0.91,""severity"":""critical""}",True,2026-05-03T23:32:32.560851Z,budgeted_800k_s0_s1_s2,2026-05-03T23:32:32.591404Z,"{""anomalyType"":""jam"",""isAnomaly"":true}",2026-05-03T23:32:32.852,alert,2026-05-03T23:32:32.571205Z,edge-gateway-b-ubuntu,local-alert-service,"{""alertTimestamp"":""2026-05-03T23:32:32.653122Z"",""anomalyTimestamp"":""2026-05-03T23:32:32.599685Z"",""cloudReceivedTimestamp"":""2026-05-03T23:32:32.872157Z"",""deviceId"":""conveyor-009"",""deviceType"":""conveyor"",""edgeDetection"":{""anomalyType"":""jam"",""isAnomaly"":true,""matchedRules"":[""conveyor.jam""],""score"":0.91,""severity"":""critical""},""edgeReceivedTimestamp"":""2026-05-03T23:32:32.560851Z"",""experimentId"":""budgeted_800k_s0_s1_s2"",""filteredTimestamp"":""2026-05-03T23:32:32.591404Z"",""groundTruth"":{""anomalyType"":""jam"",""isAnomaly"":true},""messageType"":""alert"",""normalizedTimestamp"":""2026-05-03T23:32:32.571205Z"",""runId"":""s2_90_normal_rep1_smoke_20260504_012304"",""scenario"":""S2_HYBRID"",""sensorTimestamp"":""2026-01-01T00:00:50.811111Z"",""sequence"":46}",s2_90_normal_rep1_smoke_20260504_012304,S2_HYBRID,2026-01-01T00:00:50.811111Z,46
budgeted_800k_s0_s1_s2|S2_HYBRID|s2_90_normal_rep1_smoke_20260504_012304,alert|edge-gateway-b-ubuntu|local-alert-service|conveyor-009|000000000047|15363,2026-05-03T23:32:33.785191Z,2026-05-03T23:32:33.770514Z,2026-05-03T23:32:34.025134Z,conveyor-009,conveyor,jam,"{""anomalyType"":""jam"",""isAnomaly"":true,""matchedRules"":[""conveyor.jam""],""score"":0.91,""severity"":""critical""}",True,2026-05-03T23:32:33.662130Z,budgeted_800k_s0_s1_s2,2026-05-03T23:32:33.763403Z,"{""anomalyType"":""jam"",""isAnomaly"":true}",2026-05-03T23:32:34.009,alert,2026-05-03T23:32:33.679684Z,edge-gateway-b-ubuntu,local-alert-service,"{""alertTimestamp"":""2026-05-03T23:32:33.785191Z"",""anomalyTimestamp"":""2026-05-03T23:32:33.770514Z"",""cloudReceivedTimestamp"":""2026-05-03T23:32:34.025134Z"",""deviceId"":""conveyor-009"",""deviceType"":""conveyor"",""edgeDetection"":{""anomalyType"":""jam"",""isAnomaly"":true,""matchedRules"":[""conveyor.jam""],""score"":0.91,""severity"":""critical""},""edgeReceivedTimestamp"":""2026-05-03T23:32:33.662130Z"",""experimentId"":""budgeted_800k_s0_s1_s2"",""filteredTimestamp"":""2026-05-03T23:32:33.763403Z"",""groundTruth"":{""anomalyType"":""jam"",""isAnomaly"":true},""messageType"":""alert"",""normalizedTimestamp"":""2026-05-03T23:32:33.679684Z"",""runId"":""s2_90_normal_rep1_smoke_20260504_012304"",""scenario"":""S2_HYBRID"",""sensorTimestamp"":""2026-01-01T00:00:51.922222Z"",""sequence"":47}",s2_90_normal_rep1_smoke_20260504_012304,S2_HYBRID,2026-01-01T00:00:51.922222Z,47
budgeted_800k_s0_s1_s2|S2_HYBRID|s2_90_normal_rep1_smoke_20260504_012304,alert|edge-gateway-b-ubuntu|local-alert-service|conveyor-009|000000000048|15377,2026-05-03T23:32:34.858304Z,2026-05-03T23:32:34.804945Z,2026-05-03T23:32:35.035597Z,conveyor-009,conveyor,jam,"{""anomalyType"":""jam"",""isAnomaly"":true,""matchedRules"":[""conveyor.jam""],""score"":0.91,""severity"":""critical""}",True,2026-05-03T23:32:34.771189Z,budgeted_800k_s0_s1_s2,2026-05-03T23:32:34.800911Z,"{""anomalyType"":""jam"",""isAnomaly"":true}",2026-05-03T23:32:35.009,alert,2026-05-03T23:32:34.783984Z,edge-gateway-b-ubuntu,local-alert-service,"{""alertTimestamp"":""2026-05-03T23:32:34.858304Z"",""anomalyTimestamp"":""2026-05-03T23:32:34.804945Z"",""cloudReceivedTimestamp"":""2026-05-03T23:32:35.035597Z"",""deviceId"":""conveyor-009"",""deviceType"":""conveyor"",""edgeDetection"":{""anomalyType"":""jam"",""isAnomaly"":true,""matchedRules"":[""conveyor.jam""],""score"":0.91,""severity"":""critical""},""edgeReceivedTimestamp"":""2026-05-03T23:32:34.771189Z"",""experimentId"":""budgeted_800k_s0_s1_s2"",""filteredTimestamp"":""2026-05-03T23:32:34.800911Z"",""groundTruth"":{""anomalyType"":""jam"",""isAnomaly"":true},""messageType"":""alert"",""normalizedTimestamp"":""2026-05-03T23:32:34.783984Z"",""runId"":""s2_90_normal_rep1_smoke_20260504_012304"",""scenario"":""S2_HYBRID"",""sensorTimestamp"":""2026-01-01T00:00:53.033333Z"",""sequence"":48}",s2_90_normal_rep1_smoke_20260504_012304,S2_HYBRID,2026-01-01T00:00:53.033333Z,48
budgeted_800k_s0_s1_s2|S2_HYBRID|s2_90_normal_rep1_smoke_20260504_012304,alert|edge-gateway-b-ubuntu|local-alert-service|conveyor-009|000000000049|15393,2026-05-03T23:32:36.002406Z,2026-05-03T23:32:35.976359Z,2026-05-03T23:32:36.204213Z,conveyor-009,conveyor,jam,"{""anomalyType"":""jam"",""isAnomaly"":true,""matchedRules"":[""conveyor.jam""],""score"":0.91,""severity"":""critical""}",True,2026-05-03T23:32:35.893997Z,budgeted_800k_s0_s1_s2,2026-05-03T23:32:35.972319Z,"{""anomalyType"":""jam"",""isAnomaly"":true}",2026-05-03T23:32:36.181,alert,2026-05-03T23:32:35.904232Z,edge-gateway-b-ubuntu,local-alert-service,"{""alertTimestamp"":""2026-05-03T23:32:36.002406Z"",""anomalyTimestamp"":""2026-05-03T23:32:35.976359Z"",""cloudReceivedTimestamp"":""2026-05-03T23:32:36.204213Z"",""deviceId"":""conveyor-009"",""deviceType"":""conveyor"",""edgeDetection"":{""anomalyType"":""jam"",""isAnomaly"":true,""matchedRules"":[""conveyor.jam""],""score"":0.91,""severity"":""critical""},""edgeReceivedTimestamp"":""2026-05-03T23:32:35.893997Z"",""experimentId"":""budgeted_800k_s0_s1_s2"",""filteredTimestamp"":""2026-05-03T23:32:35.972319Z"",""groundTruth"":{""anomalyType"":""jam"",""isAnomaly"":true},""messageType"":""alert"",""normalizedTimestamp"":""2026-05-03T23:32:35.904232Z"",""runId"":""s2_90_normal_rep1_smoke_20260504_012304"",""scenario"":""S2_HYBRID"",""sensorTimestamp"":""2026-01-01T00:00:54.144444Z"",""sequence"":49}",s2_90_normal_rep1_smoke_20260504_012304,S2_HYBRID,2026-01-01T00:00:54.144444Z,49
budgeted_800k_s0_s1_s2|S2_HYBRID|s2_90_normal_rep1_smoke_20260504_012304,alert|edge-gateway-b-ubuntu|local-alert-service|conveyor-009|000000000050|15407,2026-05-03T23:32:37.141224Z,2026-05-03T23:32:37.115349Z,2026-05-03T23:32:37.359334Z,conveyor-009,conveyor,jam,"{""anomalyType"":""jam"",""isAnomaly"":true,""matchedRules"":[""conveyor.jam""],""score"":0.91,""severity"":""critical""}",True,2026-05-03T23:32:37.010670Z,budgeted_800k_s0_s1_s2,2026-05-03T23:32:37.080599Z,"{""anomalyType"":""jam"",""isAnomaly"":true}",2026-05-03T23:32:37.337,alert,2026-05-03T23:32:37.015494Z,edge-gateway-b-ubuntu,local-alert-service,"{""alertTimestamp"":""2026-05-03T23:32:37.141224Z"",""anomalyTimestamp"":""2026-05-03T23:32:37.115349Z"",""cloudReceivedTimestamp"":""2026-05-03T23:32:37.359334Z"",""deviceId"":""conveyor-009"",""deviceType"":""conveyor"",""edgeDetection"":{""anomalyType"":""jam"",""isAnomaly"":true,""matchedRules"":[""conveyor.jam""],""score"":0.91,""severity"":""critical""},""edgeReceivedTimestamp"":""2026-05-03T23:32:37.010670Z"",""experimentId"":""budgeted_800k_s0_s1_s2"",""filteredTimestamp"":""2026-05-03T23:32:37.080599Z"",""groundTruth"":{""anomalyType"":""jam"",""isAnomaly"":true},""messageType"":""alert"",""normalizedTimestamp"":""2026-05-03T23:32:37.015494Z"",""runId"":""s2_90_normal_rep1_smoke_20260504_012304"",""scenario"":""S2_HYBRID"",""sensorTimestamp"":""2026-01-01T00:00:55.255556Z"",""sequence"":50}",s2_90_normal_rep1_smoke_20260504_012304,S2_HYBRID,2026-01-01T00:00:55.255556Z,50
budgeted_800k_s0_s1_s2|S2_HYBRID|s2_90_normal_rep1_smoke_20260504_012304,alert|edge-gateway-b-ubuntu|local-alert-service|conveyor-009|000000000051|15421,2026-05-03T23:32:38.201762Z,2026-05-03T23:32:38.187427Z,2026-05-03T23:32:38.384802Z,conveyor-009,conveyor,jam,"{""anomalyType"":""jam"",""isAnomaly"":true,""matchedRules"":[""conveyor.jam""],""score"":0.91,""severity"":""critical""}",True,2026-05-03T23:32:38.111675Z,budgeted_800k_s0_s1_s2,2026-05-03T23:32:38.181743Z,"{""anomalyType"":""jam"",""isAnomaly"":true}",2026-05-03T23:32:38.368,alert,2026-05-03T23:32:38.176858Z,edge-gateway-b-ubuntu,local-alert-service,"{""alertTimestamp"":""2026-05-03T23:32:38.201762Z"",""anomalyTimestamp"":""2026-05-03T23:32:38.187427Z"",""cloudReceivedTimestamp"":""2026-05-03T23:32:38.384802Z"",""deviceId"":""conveyor-009"",""deviceType"":""conveyor"",""edgeDetection"":{""anomalyType"":""jam"",""isAnomaly"":true,""matchedRules"":[""conveyor.jam""],""score"":0.91,""severity"":""critical""},""edgeReceivedTimestamp"":""2026-05-03T23:32:38.111675Z"",""experimentId"":""budgeted_800k_s0_s1_s2"",""filteredTimestamp"":""2026-05-03T23:32:38.181743Z"",""groundTruth"":{""anomalyType"":""jam"",""isAnomaly"":true},""messageType"":""alert"",""normalizedTimestamp"":""2026-05-03T23:32:38.176858Z"",""runId"":""s2_90_normal_rep1_smoke_20260504_012304"",""scenario"":""S2_HYBRID"",""sensorTimestamp"":""2026-01-01T00:00:56.366667Z"",""sequence"":51}",s2_90_normal_rep1_smoke_20260504_012304,S2_HYBRID,2026-01-01T00:00:56.366667Z,51
budgeted_800k_s0_s1_s2|S2_HYBRID|s2_90_normal_rep1_smoke_20260504_012304,alert|edge-gateway-b-ubuntu|local-alert-service|conveyor-009|000000000052|15435,2026-05-03T23:32:39.296542Z,2026-05-03T23:32:39.276719Z,2026-05-03T23:32:39.538809Z,conveyor-009,conveyor,jam,"{""anomalyType"":""jam"",""isAnomaly"":true,""matchedRules"":[""conveyor.jam""],""score"":0.91,""severity"":""critical""}",True,2026-05-03T23:32:39.192285Z,budgeted_800k_s0_s1_s2,2026-05-03T23:32:39.268028Z,"{""anomalyType"":""jam"",""isAnomaly"":true}",2026-05-03T23:32:39.525,alert,2026-05-03T23:32:39.246395Z,edge-gateway-b-ubuntu,local-alert-service,"{""alertTimestamp"":""2026-05-03T23:32:39.296542Z"",""anomalyTimestamp"":""2026-05-03T23:32:39.276719Z"",""cloudReceivedTimestamp"":""2026-05-03T23:32:39.538809Z"",""deviceId"":""conveyor-009"",""deviceType"":""conveyor"",""edgeDetection"":{""anomalyType"":""jam"",""isAnomaly"":true,""matchedRules"":[""conveyor.jam""],""score"":0.91,""severity"":""critical""},""edgeReceivedTimestamp"":""2026-05-03T23:32:39.192285Z"",""experimentId"":""budgeted_800k_s0_s1_s2"",""filteredTimestamp"":""2026-05-03T23:32:39.268028Z"",""groundTruth"":{""anomalyType"":""jam"",""isAnomaly"":true},""messageType"":""alert"",""normalizedTimestamp"":""2026-05-03T23:32:39.246395Z"",""runId"":""s2_90_normal_rep1_smoke_20260504_012304"",""scenario"":""S2_HYBRID"",""sensorTimestamp"":""2026-01-01T00:00:57.477778Z"",""sequence"":52}",s2_90_normal_rep1_smoke_20260504_012304,S2_HYBRID,2026-01-01T00:00:57.477778Z,52
budgeted_800k_s0_s1_s2|S2_HYBRID|s2_90_normal_rep1_smoke_20260504_012304,alert|edge-gateway-b-ubuntu|local-alert-service|conveyor-009|000000000053|15452,2026-05-03T23:32:40.384450Z,2026-05-03T23:32:40.362851Z,2026-05-03T23:32:40.692422Z,conveyor-009,conveyor,jam,"{""anomalyType"":""jam"",""isAnomaly"":true,""matchedRules"":[""conveyor.jam""],""score"":0.91,""severity"":""critical""}",True,2026-05-03T23:32:40.297844Z,budgeted_800k_s0_s1_s2,2026-05-03T23:32:40.360215Z,"{""anomalyType"":""jam"",""isAnomaly"":true}",2026-05-03T23:32:40.67,alert,2026-05-03T23:32:40.303261Z,edge-gateway-b-ubuntu,local-alert-service,"{""alertTimestamp"":""2026-05-03T23:32:40.384450Z"",""anomalyTimestamp"":""2026-05-03T23:32:40.362851Z"",""cloudReceivedTimestamp"":""2026-05-03T23:32:40.692422Z"",""deviceId"":""conveyor-009"",""deviceType"":""conveyor"",""edgeDetection"":{""anomalyType"":""jam"",""isAnomaly"":true,""matchedRules"":[""conveyor.jam""],""score"":0.91,""severity"":""critical""},""edgeReceivedTimestamp"":""2026-05-03T23:32:40.297844Z"",""experimentId"":""budgeted_800k_s0_s1_s2"",""filteredTimestamp"":""2026-05-03T23:32:40.360215Z"",""groundTruth"":{""anomalyType"":""jam"",""isAnomaly"":true},""messageType"":""alert"",""normalizedTimestamp"":""2026-05-03T23:32:40.303261Z"",""runId"":""s2_90_normal_rep1_smoke_20260504_012304"",""scenario"":""S2_HYBRID"",""sensorTimestamp"":""2026-01-01T00:00:58.588889Z"",""sequence"":53}",s2_90_normal_rep1_smoke_20260504_012304,S2_HYBRID,2026-01-01T00:00:58.588889Z,53
budgeted_800k_s0_s1_s2|S2_HYBRID|s2_90_normal_rep1_smoke_20260504_012304,alert|edge-gateway-b-ubuntu|local-alert-service|conveyor-009|000000000054|15464,2026-05-03T23:32:41.511825Z,2026-05-03T23:32:41.493734Z,2026-05-03T23:32:41.702050Z,conveyor-009,conveyor,jam,"{""anomalyType"":""jam"",""isAnomaly"":true,""matchedRules"":[""conveyor.jam""],""score"":0.91,""severity"":""critical""}",True,2026-05-03T23:32:41.466768Z,budgeted_800k_s0_s1_s2,2026-05-03T23:32:41.486909Z,"{""anomalyType"":""jam"",""isAnomaly"":true}",2026-05-03T23:32:41.686,alert,2026-05-03T23:32:41.471588Z,edge-gateway-b-ubuntu,local-alert-service,"{""alertTimestamp"":""2026-05-03T23:32:41.511825Z"",""anomalyTimestamp"":""2026-05-03T23:32:41.493734Z"",""cloudReceivedTimestamp"":""2026-05-03T23:32:41.702050Z"",""deviceId"":""conveyor-009"",""deviceType"":""conveyor"",""edgeDetection"":{""anomalyType"":""jam"",""isAnomaly"":true,""matchedRules"":[""conveyor.jam""],""score"":0.91,""severity"":""critical""},""edgeReceivedTimestamp"":""2026-05-03T23:32:41.466768Z"",""experimentId"":""budgeted_800k_s0_s1_s2"",""filteredTimestamp"":""2026-05-03T23:32:41.486909Z"",""groundTruth"":{""anomalyType"":""jam"",""isAnomaly"":true},""messageType"":""alert"",""normalizedTimestamp"":""2026-05-03T23:32:41.471588Z"",""runId"":""s2_90_normal_rep1_smoke_20260504_012304"",""scenario"":""S2_HYBRID"",""sensorTimestamp"":""2026-01-01T00:00:59.700000Z"",""sequence"":54}",s2_90_normal_rep1_smoke_20260504_012304,S2_HYBRID,2026-01-01T00:00:59.700000Z,54
budgeted_800k_s0_s1_s2|S2_HYBRID|s2_90_normal_rep1_smoke_20260504_012304,alert|edge-gateway-b-ubuntu|local-alert-service|motor-014|000000000046|15341,2026-05-03T23:32:31.968669Z,2026-05-03T23:32:31.956202Z,2026-05-03T23:32:32.150371Z,motor-014,motor,bearing_fault,"{""anomalyType"":""bearing_fault"",""isAnomaly"":true,""matchedRules"":[""motor.bearing_fault""],""score"":0.92,""severity"":""critical""}",True,2026-05-03T23:32:31.887018Z,budgeted_800k_s0_s1_s2,2026-05-03T23:32:31.912802Z,"{""anomalyType"":""bearing_fault"",""isAnomaly"":true}",2026-05-03T23:32:32.133,alert,2026-05-03T23:32:31.899355Z,edge-gateway-b-ubuntu,local-alert-service,"{""alertTimestamp"":""2026-05-03T23:32:31.968669Z"",""anomalyTimestamp"":""2026-05-03T23:32:31.956202Z"",""cloudReceivedTimestamp"":""2026-05-03T23:32:32.150371Z"",""deviceId"":""motor-014"",""deviceType"":""motor"",""edgeDetection"":{""anomalyType"":""bearing_fault"",""isAnomaly"":true,""matchedRules"":[""motor.bearing_fault""],""score"":0.92,""severity"":""critical""},""edgeReceivedTimestamp"":""2026-05-03T23:32:31.887018Z"",""experimentId"":""budgeted_800k_s0_s1_s2"",""filteredTimestamp"":""2026-05-03T23:32:31.912802Z"",""groundTruth"":{""anomalyType"":""bearing_fault"",""isAnomaly"":true},""messageType"":""alert"",""normalizedTimestamp"":""2026-05-03T23:32:31.899355Z"",""runId"":""s2_90_normal_rep1_smoke_20260504_012304"",""scenario"":""S2_HYBRID"",""sensorTimestamp"":""2026-01-01T00:00:50.144444Z"",""sequence"":46}",s2_90_normal_rep1_smoke_20260504_012304,S2_HYBRID,2026-01-01T00:00:50.144444Z,46
budgeted_800k_s0_s1_s2|S2_HYBRID|s2_90_normal_rep1_smoke_20260504_012304,alert|edge-gateway-b-ubuntu|local-alert-service|motor-014|000000000047|15355,2026-05-03T23:32:33.090097Z,2026-05-03T23:32:33.072808Z,2026-05-03T23:32:33.303498Z,motor-014,motor,bearing_fault,"{""anomalyType"":""bearing_fault"",""isAnomaly"":true,""matchedRules"":[""motor.bearing_fault""],""score"":0.92,""severity"":""critical""}",True,2026-05-03T23:32:32.982012Z,budgeted_800k_s0_s1_s2,2026-05-03T23:32:33.068241Z,"{""anomalyType"":""bearing_fault"",""isAnomaly"":true}",2026-05-03T23:32:33.29,alert,2026-05-03T23:32:32.992332Z,edge-gateway-b-ubuntu,local-alert-service,"{""alertTimestamp"":""2026-05-03T23:32:33.090097Z"",""anomalyTimestamp"":""2026-05-03T23:32:33.072808Z"",""cloudReceivedTimestamp"":""2026-05-03T23:32:33.303498Z"",""deviceId"":""motor-014"",""deviceType"":""motor"",""edgeDetection"":{""anomalyType"":""bearing_fault"",""isAnomaly"":true,""matchedRules"":[""motor.bearing_fault""],""score"":0.92,""severity"":""critical""},""edgeReceivedTimestamp"":""2026-05-03T23:32:32.982012Z"",""experimentId"":""budgeted_800k_s0_s1_s2"",""filteredTimestamp"":""2026-05-03T23:32:33.068241Z"",""groundTruth"":{""anomalyType"":""bearing_fault"",""isAnomaly"":true},""messageType"":""alert"",""normalizedTimestamp"":""2026-05-03T23:32:32.992332Z"",""runId"":""s2_90_normal_rep1_smoke_20260504_012304"",""scenario"":""S2_HYBRID"",""sensorTimestamp"":""2026-01-01T00:00:51.255556Z"",""sequence"":47}",s2_90_normal_rep1_smoke_20260504_012304,S2_HYBRID,2026-01-01T00:00:51.255556Z,47
budgeted_800k_s0_s1_s2|S2_HYBRID|s2_90_normal_rep1_smoke_20260504_012304,alert|edge-gateway-b-ubuntu|local-alert-service|motor-014|000000000048|15369,2026-05-03T23:32:34.255014Z,2026-05-03T23:32:34.204780Z,2026-05-03T23:32:34.457794Z,motor-014,motor,bearing_fault,"{""anomalyType"":""bearing_fault"",""isAnomaly"":true,""matchedRules"":[""motor.bearing_fault""],""score"":0.92,""severity"":""critical""}",True,2026-05-03T23:32:34.086535Z,budgeted_800k_s0_s1_s2,2026-05-03T23:32:34.195608Z,"{""anomalyType"":""bearing_fault"",""isAnomaly"":true}",2026-05-03T23:32:34.43,alert,2026-05-03T23:32:34.101928Z,edge-gateway-b-ubuntu,local-alert-service,"{""alertTimestamp"":""2026-05-03T23:32:34.255014Z"",""anomalyTimestamp"":""2026-05-03T23:32:34.204780Z"",""cloudReceivedTimestamp"":""2026-05-03T23:32:34.457794Z"",""deviceId"":""motor-014"",""deviceType"":""motor"",""edgeDetection"":{""anomalyType"":""bearing_fault"",""isAnomaly"":true,""matchedRules"":[""motor.bearing_fault""],""score"":0.92,""severity"":""critical""},""edgeReceivedTimestamp"":""2026-05-03T23:32:34.086535Z"",""experimentId"":""budgeted_800k_s0_s1_s2"",""filteredTimestamp"":""2026-05-03T23:32:34.195608Z"",""groundTruth"":{""anomalyType"":""bearing_fault"",""isAnomaly"":true},""messageType"":""alert"",""normalizedTimestamp"":""2026-05-03T23:32:34.101928Z"",""runId"":""s2_90_normal_rep1_smoke_20260504_012304"",""scenario"":""S2_HYBRID"",""sensorTimestamp"":""2026-01-01T00:00:52.366667Z"",""sequence"":48}",s2_90_normal_rep1_smoke_20260504_012304,S2_HYBRID,2026-01-01T00:00:52.366667Z,48
budgeted_800k_s0_s1_s2|S2_HYBRID|s2_90_normal_rep1_smoke_20260504_012304,alert|edge-gateway-b-ubuntu|local-alert-service|motor-014|000000000049|15387,2026-05-03T23:32:35.316375Z,2026-05-03T23:32:35.292645Z,2026-05-03T23:32:35.612221Z,motor-014,motor,bearing_fault,"{""anomalyType"":""bearing_fault"",""isAnomaly"":true,""matchedRules"":[""motor.bearing_fault""],""score"":0.92,""severity"":""critical""}",True,2026-05-03T23:32:35.215826Z,budgeted_800k_s0_s1_s2,2026-05-03T23:32:35.283239Z,"{""anomalyType"":""bearing_fault"",""isAnomaly"":true}",2026-05-03T23:32:35.587,alert,2026-05-03T23:32:35.235990Z,edge-gateway-b-ubuntu,local-alert-service,"{""alertTimestamp"":""2026-05-03T23:32:35.316375Z"",""anomalyTimestamp"":""2026-05-03T23:32:35.292645Z"",""cloudReceivedTimestamp"":""2026-05-03T23:32:35.612221Z"",""deviceId"":""motor-014"",""deviceType"":""motor"",""edgeDetection"":{""anomalyType"":""bearing_fault"",""isAnomaly"":true,""matchedRules"":[""motor.bearing_fault""],""score"":0.92,""severity"":""critical""},""edgeReceivedTimestamp"":""2026-05-03T23:32:35.215826Z"",""experimentId"":""budgeted_800k_s0_s1_s2"",""filteredTimestamp"":""2026-05-03T23:32:35.283239Z"",""groundTruth"":{""anomalyType"":""bearing_fault"",""isAnomaly"":true},""messageType"":""alert"",""normalizedTimestamp"":""2026-05-03T23:32:35.235990Z"",""runId"":""s2_90_normal_rep1_smoke_20260504_012304"",""scenario"":""S2_HYBRID"",""sensorTimestamp"":""2026-01-01T00:00:53.477778Z"",""sequence"":49}",s2_90_normal_rep1_smoke_20260504_012304,S2_HYBRID,2026-01-01T00:00:53.477778Z,49
budgeted_800k_s0_s1_s2|S2_HYBRID|s2_90_normal_rep1_smoke_20260504_012304,alert|edge-gateway-b-ubuntu|local-alert-service|motor-014|000000000050|15401,2026-05-03T23:32:36.473677Z,2026-05-03T23:32:36.416733Z,2026-05-03T23:32:36.782115Z,motor-014,motor,bearing_fault,"{""anomalyType"":""bearing_fault"",""isAnomaly"":true,""matchedRules"":[""motor.bearing_fault""],""score"":0.92,""severity"":""critical""}",True,2026-05-03T23:32:36.321628Z,budgeted_800k_s0_s1_s2,2026-05-03T23:32:36.409439Z,"{""anomalyType"":""bearing_fault"",""isAnomaly"":true}",2026-05-03T23:32:36.759,alert,2026-05-03T23:32:36.334490Z,edge-gateway-b-ubuntu,local-alert-service,"{""alertTimestamp"":""2026-05-03T23:32:36.473677Z"",""anomalyTimestamp"":""2026-05-03T23:32:36.416733Z"",""cloudReceivedTimestamp"":""2026-05-03T23:32:36.782115Z"",""deviceId"":""motor-014"",""deviceType"":""motor"",""edgeDetection"":{""anomalyType"":""bearing_fault"",""isAnomaly"":true,""matchedRules"":[""motor.bearing_fault""],""score"":0.92,""severity"":""critical""},""edgeReceivedTimestamp"":""2026-05-03T23:32:36.321628Z"",""experimentId"":""budgeted_800k_s0_s1_s2"",""filteredTimestamp"":""2026-05-03T23:32:36.409439Z"",""groundTruth"":{""anomalyType"":""bearing_fault"",""isAnomaly"":true},""messageType"":""alert"",""normalizedTimestamp"":""2026-05-03T23:32:36.334490Z"",""runId"":""s2_90_normal_rep1_smoke_20260504_012304"",""scenario"":""S2_HYBRID"",""sensorTimestamp"":""2026-01-01T00:00:54.588889Z"",""sequence"":50}",s2_90_normal_rep1_smoke_20260504_012304,S2_HYBRID,2026-01-01T00:00:54.588889Z,50
budgeted_800k_s0_s1_s2|S2_HYBRID|s2_90_normal_rep1_smoke_20260504_012304,alert|edge-gateway-b-ubuntu|local-alert-service|motor-014|000000000051|15413,2026-05-03T23:32:37.541755Z,2026-05-03T23:32:37.525320Z,2026-05-03T23:32:37.791319Z,motor-014,motor,bearing_fault,"{""anomalyType"":""bearing_fault"",""isAnomaly"":true,""matchedRules"":[""motor.bearing_fault""],""score"":0.92,""severity"":""critical""}",True,2026-05-03T23:32:37.467967Z,budgeted_800k_s0_s1_s2,2026-05-03T23:32:37.514406Z,"{""anomalyType"":""bearing_fault"",""isAnomaly"":true}",2026-05-03T23:32:37.774,alert,2026-05-03T23:32:37.479976Z,edge-gateway-b-ubuntu,local-alert-service,"{""alertTimestamp"":""2026-05-03T23:32:37.541755Z"",""anomalyTimestamp"":""2026-05-03T23:32:37.525320Z"",""cloudReceivedTimestamp"":""2026-05-03T23:32:37.791319Z"",""deviceId"":""motor-014"",""deviceType"":""motor"",""edgeDetection"":{""anomalyType"":""bearing_fault"",""isAnomaly"":true,""matchedRules"":[""motor.bearing_fault""],""score"":0.92,""severity"":""critical""},""edgeReceivedTimestamp"":""2026-05-03T23:32:37.467967Z"",""experimentId"":""budgeted_800k_s0_s1_s2"",""filteredTimestamp"":""2026-05-03T23:32:37.514406Z"",""groundTruth"":{""anomalyType"":""bearing_fault"",""isAnomaly"":true},""messageType"":""alert"",""normalizedTimestamp"":""2026-05-03T23:32:37.479976Z"",""runId"":""s2_90_normal_rep1_smoke_20260504_012304"",""scenario"":""S2_HYBRID"",""sensorTimestamp"":""2026-01-01T00:00:55.700000Z"",""sequence"":51}",s2_90_normal_rep1_smoke_20260504_012304,S2_HYBRID,2026-01-01T00:00:55.700000Z,51
budgeted_800k_s0_s1_s2|S2_HYBRID|s2_90_normal_rep1_smoke_20260504_012304,alert|edge-gateway-b-ubuntu|local-alert-service|motor-014|000000000052|15427,2026-05-03T23:32:38.620783Z,2026-05-03T23:32:38.602141Z,2026-05-03T23:32:38.817139Z,motor-014,motor,bearing_fault,"{""anomalyType"":""bearing_fault"",""isAnomaly"":true,""matchedRules"":[""motor.bearing_fault""],""score"":0.92,""severity"":""critical""}",True,2026-05-03T23:32:38.563647Z,budgeted_800k_s0_s1_s2,2026-05-03T23:32:38.595189Z,"{""anomalyType"":""bearing_fault"",""isAnomaly"":true}",2026-05-03T23:32:38.79,alert,2026-05-03T23:32:38.568344Z,edge-gateway-b-ubuntu,local-alert-service,"{""alertTimestamp"":""2026-05-03T23:32:38.620783Z"",""anomalyTimestamp"":""2026-05-03T23:32:38.602141Z"",""cloudReceivedTimestamp"":""2026-05-03T23:32:38.817139Z"",""deviceId"":""motor-014"",""deviceType"":""motor"",""edgeDetection"":{""anomalyType"":""bearing_fault"",""isAnomaly"":true,""matchedRules"":[""motor.bearing_fault""],""score"":0.92,""severity"":""critical""},""edgeReceivedTimestamp"":""2026-05-03T23:32:38.563647Z"",""experimentId"":""budgeted_800k_s0_s1_s2"",""filteredTimestamp"":""2026-05-03T23:32:38.595189Z"",""groundTruth"":{""anomalyType"":""bearing_fault"",""isAnomaly"":true},""messageType"":""alert"",""normalizedTimestamp"":""2026-05-03T23:32:38.568344Z"",""runId"":""s2_90_normal_rep1_smoke_20260504_012304"",""scenario"":""S2_HYBRID"",""sensorTimestamp"":""2026-01-01T00:00:56.811111Z"",""sequence"":52}",s2_90_normal_rep1_smoke_20260504_012304,S2_HYBRID,2026-01-01T00:00:56.811111Z,52
budgeted_800k_s0_s1_s2|S2_HYBRID|s2_90_normal_rep1_smoke_20260504_012304,alert|edge-gateway-b-ubuntu|local-alert-service|motor-014|000000000053|15442,2026-05-03T23:32:39.752486Z,2026-05-03T23:32:39.697093Z,2026-05-03T23:32:39.971427Z,motor-014,motor,bearing_fault,"{""anomalyType"":""bearing_fault"",""isAnomaly"":true,""matchedRules"":[""motor.bearing_fault""],""score"":0.92,""severity"":""critical""}",True,2026-05-03T23:32:39.670821Z,budgeted_800k_s0_s1_s2,2026-05-03T23:32:39.692520Z,"{""anomalyType"":""bearing_fault"",""isAnomaly"":true}",2026-05-03T23:32:39.947,alert,2026-05-03T23:32:39.679175Z,edge-gateway-b-ubuntu,local-alert-service,"{""alertTimestamp"":""2026-05-03T23:32:39.752486Z"",""anomalyTimestamp"":""2026-05-03T23:32:39.697093Z"",""cloudReceivedTimestamp"":""2026-05-03T23:32:39.971427Z"",""deviceId"":""motor-014"",""deviceType"":""motor"",""edgeDetection"":{""anomalyType"":""bearing_fault"",""isAnomaly"":true,""matchedRules"":[""motor.bearing_fault""],""score"":0.92,""severity"":""critical""},""edgeReceivedTimestamp"":""2026-05-03T23:32:39.670821Z"",""experimentId"":""budgeted_800k_s0_s1_s2"",""filteredTimestamp"":""2026-05-03T23:32:39.692520Z"",""groundTruth"":{""anomalyType"":""bearing_fault"",""isAnomaly"":true},""messageType"":""alert"",""normalizedTimestamp"":""2026-05-03T23:32:39.679175Z"",""runId"":""s2_90_normal_rep1_smoke_20260504_012304"",""scenario"":""S2_HYBRID"",""sensorTimestamp"":""2026-01-01T00:00:57.922222Z"",""sequence"":53}",s2_90_normal_rep1_smoke_20260504_012304,S2_HYBRID,2026-01-01T00:00:57.922222Z,53
budgeted_800k_s0_s1_s2|S2_HYBRID|s2_90_normal_rep1_smoke_20260504_012304,alert|edge-gateway-b-ubuntu|local-alert-service|motor-014|000000000054|15458,2026-05-03T23:32:40.815805Z,2026-05-03T23:32:40.806292Z,2026-05-03T23:32:41.125275Z,motor-014,motor,bearing_fault,"{""anomalyType"":""bearing_fault"",""isAnomaly"":true,""matchedRules"":[""motor.bearing_fault""],""score"":0.92,""severity"":""critical""}",True,2026-05-03T23:32:40.778207Z,budgeted_800k_s0_s1_s2,2026-05-03T23:32:40.796674Z,"{""anomalyType"":""bearing_fault"",""isAnomaly"":true}",2026-05-03T23:32:41.108,alert,2026-05-03T23:32:40.784301Z,edge-gateway-b-ubuntu,local-alert-service,"{""alertTimestamp"":""2026-05-03T23:32:40.815805Z"",""anomalyTimestamp"":""2026-05-03T23:32:40.806292Z"",""cloudReceivedTimestamp"":""2026-05-03T23:32:41.125275Z"",""deviceId"":""motor-014"",""deviceType"":""motor"",""edgeDetection"":{""anomalyType"":""bearing_fault"",""isAnomaly"":true,""matchedRules"":[""motor.bearing_fault""],""score"":0.92,""severity"":""critical""},""edgeReceivedTimestamp"":""2026-05-03T23:32:40.778207Z"",""experimentId"":""budgeted_800k_s0_s1_s2"",""filteredTimestamp"":""2026-05-03T23:32:40.796674Z"",""groundTruth"":{""anomalyType"":""bearing_fault"",""isAnomaly"":true},""messageType"":""alert"",""normalizedTimestamp"":""2026-05-03T23:32:40.784301Z"",""runId"":""s2_90_normal_rep1_smoke_20260504_012304"",""scenario"":""S2_HYBRID"",""sensorTimestamp"":""2026-01-01T00:00:59.033333Z"",""sequence"":54}",s2_90_normal_rep1_smoke_20260504_012304,S2_HYBRID,2026-01-01T00:00:59.033333Z,54
budgeted_800k_s0_s1_s2|S2_HYBRID|s2_90_normal_rep1_smoke_20260504_012304,telemetry|edge-gateway-b-ubuntu|anomaly-detector|compressor-002|000000000031|15200,2026-05-03T23:32:16.618969Z,2026-05-03T23:32:16.250831Z,2026-05-03T23:32:16.618721Z,compressor-002,compressor,pressure_instability,"{""anomalyType"":""pressure_instability"",""isAnomaly"":true,""matchedRules"":[""compressor.pressure_instability""],""score"":0.84,""severity"":""warning""}",True,2026-05-03T23:32:16.181899Z,budgeted_800k_s0_s1_s2,2026-05-03T23:32:16.242077Z,"{""anomalyType"":""pressure_instability"",""isAnomaly"":true}",2026-05-03T23:32:16.578,alert,2026-05-03T23:32:16.195140Z,edge-gateway-b-ubuntu,anomaly-detector,"{""alertTimestamp"":""2026-05-03T23:32:16.618969Z"",""anomalyTimestamp"":""2026-05-03T23:32:16.250831Z"",""cloudPublishTimestamp"":null,""cloudReceivedTimestamp"":""2026-05-03T23:32:16.618721Z"",""deviceId"":""compressor-002"",""deviceType"":""compressor"",""directPublisherReceivedTimestamp"":null,""edgeDetection"":{""anomalyType"":""pressure_instability"",""isAnomaly"":true,""matchedRules"":[""compressor.pressure_instability""],""score"":0.84,""severity"":""warning""},""edgeReceivedTimestamp"":""2026-05-03T23:32:16.181899Z"",""experimentId"":""budgeted_800k_s0_s1_s2"",""filteredTimestamp"":""2026-05-03T23:32:16.242077Z"",""groundTruth"":{""anomalyType"":""pressure_instability"",""isAnomaly"":true},""messageType"":""alert"",""normalizedTimestamp"":""2026-05-03T23:32:16.195140Z"",""runId"":""s2_90_normal_rep1_smoke_20260504_012304"",""scenario"":""S2_HYBRID"",""sensorTimestamp"":""2026-01-01T00:00:34.400000Z"",""sequence"":31}",s2_90_normal_rep1_smoke_20260504_012304,S2_HYBRID,2026-01-01T00:00:34.400000Z,31
budgeted_800k_s0_s1_s2|S2_HYBRID|s2_90_normal_rep1_smoke_20260504_012304,telemetry|edge-gateway-b-ubuntu|anomaly-detector|compressor-002|000000000035|15240,2026-05-03T23:32:20.790968Z,2026-05-03T23:32:20.614550Z,2026-05-03T23:32:20.790760Z,compressor-002,compressor,pressure_instability,"{""anomalyType"":""pressure_instability"",""isAnomaly"":true,""matchedRules"":[""compressor.pressure_instability""],""score"":0.84,""severity"":""warning""}",True,2026-05-03T23:32:20.589037Z,budgeted_800k_s0_s1_s2,2026-05-03T23:32:20.604605Z,"{""anomalyType"":""pressure_instability"",""isAnomaly"":true}",2026-05-03T23:32:20.74,alert,2026-05-03T23:32:20.597417Z,edge-gateway-b-ubuntu,anomaly-detector,"{""alertTimestamp"":""2026-05-03T23:32:20.790968Z"",""anomalyTimestamp"":""2026-05-03T23:32:20.614550Z"",""cloudPublishTimestamp"":null,""cloudReceivedTimestamp"":""2026-05-03T23:32:20.790760Z"",""deviceId"":""compressor-002"",""deviceType"":""compressor"",""directPublisherReceivedTimestamp"":null,""edgeDetection"":{""anomalyType"":""pressure_instability"",""isAnomaly"":true,""matchedRules"":[""compressor.pressure_instability""],""score"":0.84,""severity"":""warning""},""edgeReceivedTimestamp"":""2026-05-03T23:32:20.589037Z"",""experimentId"":""budgeted_800k_s0_s1_s2"",""filteredTimestamp"":""2026-05-03T23:32:20.604605Z"",""groundTruth"":{""anomalyType"":""pressure_instability"",""isAnomaly"":true},""messageType"":""alert"",""normalizedTimestamp"":""2026-05-03T23:32:20.597417Z"",""runId"":""s2_90_normal_rep1_smoke_20260504_012304"",""scenario"":""S2_HYBRID"",""sensorTimestamp"":""2026-01-01T00:00:38.844444Z"",""sequence"":35}",s2_90_normal_rep1_smoke_20260504_012304,S2_HYBRID,2026-01-01T00:00:38.844444Z,35
budgeted_800k_s0_s1_s2|S2_HYBRID|s2_90_normal_rep1_smoke_20260504_012304,telemetry|edge-gateway-b-ubuntu|anomaly-detector|compressor-002|000000000048|15383,2026-05-03T23:32:35.486962Z,2026-05-03T23:32:35.099705Z,2026-05-03T23:32:35.486730Z,compressor-002,compressor,pressure_instability,"{""anomalyType"":""pressure_instability"",""isAnomaly"":true,""matchedRules"":[""compressor.pressure_instability""],""score"":0.84,""severity"":""warning""}",True,2026-05-03T23:32:35.063923Z,budgeted_800k_s0_s1_s2,2026-05-03T23:32:35.089772Z,"{""anomalyType"":""pressure_instability"",""isAnomaly"":true}",2026-05-03T23:32:35.446,alert,2026-05-03T23:32:35.068102Z,edge-gateway-b-ubuntu,anomaly-detector,"{""alertTimestamp"":""2026-05-03T23:32:35.486962Z"",""anomalyTimestamp"":""2026-05-03T23:32:35.099705Z"",""cloudPublishTimestamp"":null,""cloudReceivedTimestamp"":""2026-05-03T23:32:35.486730Z"",""deviceId"":""compressor-002"",""deviceType"":""compressor"",""directPublisherReceivedTimestamp"":null,""edgeDetection"":{""anomalyType"":""pressure_instability"",""isAnomaly"":true,""matchedRules"":[""compressor.pressure_instability""],""score"":0.84,""severity"":""warning""},""edgeReceivedTimestamp"":""2026-05-03T23:32:35.063923Z"",""experimentId"":""budgeted_800k_s0_s1_s2"",""filteredTimestamp"":""2026-05-03T23:32:35.089772Z"",""groundTruth"":{""anomalyType"":""pressure_instability"",""isAnomaly"":true},""messageType"":""alert"",""normalizedTimestamp"":""2026-05-03T23:32:35.068102Z"",""runId"":""s2_90_normal_rep1_smoke_20260504_012304"",""scenario"":""S2_HYBRID"",""sensorTimestamp"":""2026-01-01T00:00:53.288889Z"",""sequence"":48}",s2_90_normal_rep1_smoke_20260504_012304,S2_HYBRID,2026-01-01T00:00:53.288889Z,48
budgeted_800k_s0_s1_s2|S2_HYBRID|s2_90_normal_rep1_smoke_20260504_012304,telemetry|edge-gateway-b-ubuntu|anomaly-detector|compressor-002|000000000052|15440,2026-05-03T23:32:39.782221Z,2026-05-03T23:32:39.507290Z,2026-05-03T23:32:39.781958Z,compressor-002,compressor,pressure_instability,"{""anomalyType"":""pressure_instability"",""isAnomaly"":true,""matchedRules"":[""compressor.pressure_instability""],""score"":0.84,""severity"":""warning""}",True,2026-05-03T23:32:39.478996Z,budgeted_800k_s0_s1_s2,2026-05-03T23:32:39.498295Z,"{""anomalyType"":""pressure_instability"",""isAnomaly"":true}",2026-05-03T23:32:39.666,alert,2026-05-03T23:32:39.483653Z,edge-gateway-b-ubuntu,anomaly-detector,"{""alertTimestamp"":""2026-05-03T23:32:39.782221Z"",""anomalyTimestamp"":""2026-05-03T23:32:39.507290Z"",""cloudPublishTimestamp"":null,""cloudReceivedTimestamp"":""2026-05-03T23:32:39.781958Z"",""deviceId"":""compressor-002"",""deviceType"":""compressor"",""directPublisherReceivedTimestamp"":null,""edgeDetection"":{""anomalyType"":""pressure_instability"",""isAnomaly"":true,""matchedRules"":[""compressor.pressure_instability""],""score"":0.84,""severity"":""warning""},""edgeReceivedTimestamp"":""2026-05-03T23:32:39.478996Z"",""experimentId"":""budgeted_800k_s0_s1_s2"",""filteredTimestamp"":""2026-05-03T23:32:39.498295Z"",""groundTruth"":{""anomalyType"":""pressure_instability"",""isAnomaly"":true},""messageType"":""alert"",""normalizedTimestamp"":""2026-05-03T23:32:39.483653Z"",""runId"":""s2_90_normal_rep1_smoke_20260504_012304"",""scenario"":""S2_HYBRID"",""sensorTimestamp"":""2026-01-01T00:00:57.733333Z"",""sequence"":52}",s2_90_normal_rep1_smoke_20260504_012304,S2_HYBRID,2026-01-01T00:00:57.733333Z,52
budgeted_800k_s0_s1_s2|S2_HYBRID|s2_90_normal_rep1_smoke_20260504_012304,telemetry|edge-gateway-b-ubuntu|anomaly-detector|conveyor-009|000000000046|15350,2026-05-03T23:32:33.021246Z,2026-05-03T23:32:32.599685Z,2026-05-03T23:32:33.021004Z,conveyor-009,conveyor,jam,"{""anomalyType"":""jam"",""isAnomaly"":true,""matchedRules"":[""conveyor.jam""],""score"":0.91,""severity"":""critical""}",True,2026-05-03T23:32:32.560851Z,budgeted_800k_s0_s1_s2,2026-05-03T23:32:32.591404Z,"{""anomalyType"":""jam"",""isAnomaly"":true}",2026-05-03T23:32:32.993,alert,2026-05-03T23:32:32.571205Z,edge-gateway-b-ubuntu,anomaly-detector,"{""alertTimestamp"":""2026-05-03T23:32:33.021246Z"",""anomalyTimestamp"":""2026-05-03T23:32:32.599685Z"",""cloudPublishTimestamp"":null,""cloudReceivedTimestamp"":""2026-05-03T23:32:33.021004Z"",""deviceId"":""conveyor-009"",""deviceType"":""conveyor"",""directPublisherReceivedTimestamp"":null,""edgeDetection"":{""anomalyType"":""jam"",""isAnomaly"":true,""matchedRules"":[""conveyor.jam""],""score"":0.91,""severity"":""critical""},""edgeReceivedTimestamp"":""2026-05-03T23:32:32.560851Z"",""experimentId"":""budgeted_800k_s0_s1_s2"",""filteredTimestamp"":""2026-05-03T23:32:32.591404Z"",""groundTruth"":{""anomalyType"":""jam"",""isAnomaly"":true},""messageType"":""alert"",""normalizedTimestamp"":""2026-05-03T23:32:32.571205Z"",""runId"":""s2_90_normal_rep1_smoke_20260504_012304"",""scenario"":""S2_HYBRID"",""sensorTimestamp"":""2026-01-01T00:00:50.811111Z"",""sequence"":46}",s2_90_normal_rep1_smoke_20260504_012304,S2_HYBRID,2026-01-01T00:00:50.811111Z,46
budgeted_800k_s0_s1_s2|S2_HYBRID|s2_90_normal_rep1_smoke_20260504_012304,telemetry|edge-gateway-b-ubuntu|anomaly-detector|conveyor-009|000000000047|15364,2026-05-03T23:32:34.170810Z,2026-05-03T23:32:33.770514Z,2026-05-03T23:32:34.170571Z,conveyor-009,conveyor,jam,"{""anomalyType"":""jam"",""isAnomaly"":true,""matchedRules"":[""conveyor.jam""],""score"":0.91,""severity"":""critical""}",True,2026-05-03T23:32:33.662130Z,budgeted_800k_s0_s1_s2,2026-05-03T23:32:33.763403Z,"{""anomalyType"":""jam"",""isAnomaly"":true}",2026-05-03T23:32:34.149,alert,2026-05-03T23:32:33.679684Z,edge-gateway-b-ubuntu,anomaly-detector,"{""alertTimestamp"":""2026-05-03T23:32:34.170810Z"",""anomalyTimestamp"":""2026-05-03T23:32:33.770514Z"",""cloudPublishTimestamp"":null,""cloudReceivedTimestamp"":""2026-05-03T23:32:34.170571Z"",""deviceId"":""conveyor-009"",""deviceType"":""conveyor"",""directPublisherReceivedTimestamp"":null,""edgeDetection"":{""anomalyType"":""jam"",""isAnomaly"":true,""matchedRules"":[""conveyor.jam""],""score"":0.91,""severity"":""critical""},""edgeReceivedTimestamp"":""2026-05-03T23:32:33.662130Z"",""experimentId"":""budgeted_800k_s0_s1_s2"",""filteredTimestamp"":""2026-05-03T23:32:33.763403Z"",""groundTruth"":{""anomalyType"":""jam"",""isAnomaly"":true},""messageType"":""alert"",""normalizedTimestamp"":""2026-05-03T23:32:33.679684Z"",""runId"":""s2_90_normal_rep1_smoke_20260504_012304"",""scenario"":""S2_HYBRID"",""sensorTimestamp"":""2026-01-01T00:00:51.922222Z"",""sequence"":47}",s2_90_normal_rep1_smoke_20260504_012304,S2_HYBRID,2026-01-01T00:00:51.922222Z,47
budgeted_800k_s0_s1_s2|S2_HYBRID|s2_90_normal_rep1_smoke_20260504_012304,telemetry|edge-gateway-b-ubuntu|anomaly-detector|conveyor-009|000000000048|15378,2026-05-03T23:32:35.179586Z,2026-05-03T23:32:34.804945Z,2026-05-03T23:32:35.179341Z,conveyor-009,conveyor,jam,"{""anomalyType"":""jam"",""isAnomaly"":true,""matchedRules"":[""conveyor.jam""],""score"":0.91,""severity"":""critical""}",True,2026-05-03T23:32:34.771189Z,budgeted_800k_s0_s1_s2,2026-05-03T23:32:34.800911Z,"{""anomalyType"":""jam"",""isAnomaly"":true}",2026-05-03T23:32:35.165,alert,2026-05-03T23:32:34.783984Z,edge-gateway-b-ubuntu,anomaly-detector,"{""alertTimestamp"":""2026-05-03T23:32:35.179586Z"",""anomalyTimestamp"":""2026-05-03T23:32:34.804945Z"",""cloudPublishTimestamp"":null,""cloudReceivedTimestamp"":""2026-05-03T23:32:35.179341Z"",""deviceId"":""conveyor-009"",""deviceType"":""conveyor"",""directPublisherReceivedTimestamp"":null,""edgeDetection"":{""anomalyType"":""jam"",""isAnomaly"":true,""matchedRules"":[""conveyor.jam""],""score"":0.91,""severity"":""critical""},""edgeReceivedTimestamp"":""2026-05-03T23:32:34.771189Z"",""experimentId"":""budgeted_800k_s0_s1_s2"",""filteredTimestamp"":""2026-05-03T23:32:34.800911Z"",""groundTruth"":{""anomalyType"":""jam"",""isAnomaly"":true},""messageType"":""alert"",""normalizedTimestamp"":""2026-05-03T23:32:34.783984Z"",""runId"":""s2_90_normal_rep1_smoke_20260504_012304"",""scenario"":""S2_HYBRID"",""sensorTimestamp"":""2026-01-01T00:00:53.033333Z"",""sequence"":48}",s2_90_normal_rep1_smoke_20260504_012304,S2_HYBRID,2026-01-01T00:00:53.033333Z,48
budgeted_800k_s0_s1_s2|S2_HYBRID|s2_90_normal_rep1_smoke_20260504_012304,telemetry|edge-gateway-b-ubuntu|anomaly-detector|conveyor-009|000000000049|15394,2026-05-03T23:32:36.349590Z,2026-05-03T23:32:35.976359Z,2026-05-03T23:32:36.349338Z,conveyor-009,conveyor,jam,"{""anomalyType"":""jam"",""isAnomaly"":true,""matchedRules"":[""conveyor.jam""],""score"":0.91,""severity"":""critical""}",True,2026-05-03T23:32:35.893997Z,budgeted_800k_s0_s1_s2,2026-05-03T23:32:35.972319Z,"{""anomalyType"":""jam"",""isAnomaly"":true}",2026-05-03T23:32:36.321,alert,2026-05-03T23:32:35.904232Z,edge-gateway-b-ubuntu,anomaly-detector,"{""alertTimestamp"":""2026-05-03T23:32:36.349590Z"",""anomalyTimestamp"":""2026-05-03T23:32:35.976359Z"",""cloudPublishTimestamp"":null,""cloudReceivedTimestamp"":""2026-05-03T23:32:36.349338Z"",""deviceId"":""conveyor-009"",""deviceType"":""conveyor"",""directPublisherReceivedTimestamp"":null,""edgeDetection"":{""anomalyType"":""jam"",""isAnomaly"":true,""matchedRules"":[""conveyor.jam""],""score"":0.91,""severity"":""critical""},""edgeReceivedTimestamp"":""2026-05-03T23:32:35.893997Z"",""experimentId"":""budgeted_800k_s0_s1_s2"",""filteredTimestamp"":""2026-05-03T23:32:35.972319Z"",""groundTruth"":{""anomalyType"":""jam"",""isAnomaly"":true},""messageType"":""alert"",""normalizedTimestamp"":""2026-05-03T23:32:35.904232Z"",""runId"":""s2_90_normal_rep1_smoke_20260504_012304"",""scenario"":""S2_HYBRID"",""sensorTimestamp"":""2026-01-01T00:00:54.144444Z"",""sequence"":49}",s2_90_normal_rep1_smoke_20260504_012304,S2_HYBRID,2026-01-01T00:00:54.144444Z,49
budgeted_800k_s0_s1_s2|S2_HYBRID|s2_90_normal_rep1_smoke_20260504_012304,telemetry|edge-gateway-b-ubuntu|anomaly-detector|conveyor-009|000000000050|15408,2026-05-03T23:32:37.504434Z,2026-05-03T23:32:37.115349Z,2026-05-03T23:32:37.503926Z,conveyor-009,conveyor,jam,"{""anomalyType"":""jam"",""isAnomaly"":true,""matchedRules"":[""conveyor.jam""],""score"":0.91,""severity"":""critical""}",True,2026-05-03T23:32:37.010670Z,budgeted_800k_s0_s1_s2,2026-05-03T23:32:37.080599Z,"{""anomalyType"":""jam"",""isAnomaly"":true}",2026-05-03T23:32:37.477,alert,2026-05-03T23:32:37.015494Z,edge-gateway-b-ubuntu,anomaly-detector,"{""alertTimestamp"":""2026-05-03T23:32:37.504434Z"",""anomalyTimestamp"":""2026-05-03T23:32:37.115349Z"",""cloudPublishTimestamp"":null,""cloudReceivedTimestamp"":""2026-05-03T23:32:37.503926Z"",""deviceId"":""conveyor-009"",""deviceType"":""conveyor"",""directPublisherReceivedTimestamp"":null,""edgeDetection"":{""anomalyType"":""jam"",""isAnomaly"":true,""matchedRules"":[""conveyor.jam""],""score"":0.91,""severity"":""critical""},""edgeReceivedTimestamp"":""2026-05-03T23:32:37.010670Z"",""experimentId"":""budgeted_800k_s0_s1_s2"",""filteredTimestamp"":""2026-05-03T23:32:37.080599Z"",""groundTruth"":{""anomalyType"":""jam"",""isAnomaly"":true},""messageType"":""alert"",""normalizedTimestamp"":""2026-05-03T23:32:37.015494Z"",""runId"":""s2_90_normal_rep1_smoke_20260504_012304"",""scenario"":""S2_HYBRID"",""sensorTimestamp"":""2026-01-01T00:00:55.255556Z"",""sequence"":50}",s2_90_normal_rep1_smoke_20260504_012304,S2_HYBRID,2026-01-01T00:00:55.255556Z,50
budgeted_800k_s0_s1_s2|S2_HYBRID|s2_90_normal_rep1_smoke_20260504_012304,telemetry|edge-gateway-b-ubuntu|anomaly-detector|conveyor-009|000000000051|15422,2026-05-03T23:32:38.529657Z,2026-05-03T23:32:38.187427Z,2026-05-03T23:32:38.529384Z,conveyor-009,conveyor,jam,"{""anomalyType"":""jam"",""isAnomaly"":true,""matchedRules"":[""conveyor.jam""],""score"":0.91,""severity"":""critical""}",True,2026-05-03T23:32:38.111675Z,budgeted_800k_s0_s1_s2,2026-05-03T23:32:38.181743Z,"{""anomalyType"":""jam"",""isAnomaly"":true}",2026-05-03T23:32:38.509,alert,2026-05-03T23:32:38.176858Z,edge-gateway-b-ubuntu,anomaly-detector,"{""alertTimestamp"":""2026-05-03T23:32:38.529657Z"",""anomalyTimestamp"":""2026-05-03T23:32:38.187427Z"",""cloudPublishTimestamp"":null,""cloudReceivedTimestamp"":""2026-05-03T23:32:38.529384Z"",""deviceId"":""conveyor-009"",""deviceType"":""conveyor"",""directPublisherReceivedTimestamp"":null,""edgeDetection"":{""anomalyType"":""jam"",""isAnomaly"":true,""matchedRules"":[""conveyor.jam""],""score"":0.91,""severity"":""critical""},""edgeReceivedTimestamp"":""2026-05-03T23:32:38.111675Z"",""experimentId"":""budgeted_800k_s0_s1_s2"",""filteredTimestamp"":""2026-05-03T23:32:38.181743Z"",""groundTruth"":{""anomalyType"":""jam"",""isAnomaly"":true},""messageType"":""alert"",""normalizedTimestamp"":""2026-05-03T23:32:38.176858Z"",""runId"":""s2_90_normal_rep1_smoke_20260504_012304"",""scenario"":""S2_HYBRID"",""sensorTimestamp"":""2026-01-01T00:00:56.366667Z"",""sequence"":51}",s2_90_normal_rep1_smoke_20260504_012304,S2_HYBRID,2026-01-01T00:00:56.366667Z,51
budgeted_800k_s0_s1_s2|S2_HYBRID|s2_90_normal_rep1_smoke_20260504_012304,telemetry|edge-gateway-b-ubuntu|anomaly-detector|conveyor-009|000000000052|15436,2026-05-03T23:32:39.682509Z,2026-05-03T23:32:39.276719Z,2026-05-03T23:32:39.682211Z,conveyor-009,conveyor,jam,"{""anomalyType"":""jam"",""isAnomaly"":true,""matchedRules"":[""conveyor.jam""],""score"":0.91,""severity"":""critical""}",True,2026-05-03T23:32:39.192285Z,budgeted_800k_s0_s1_s2,2026-05-03T23:32:39.268028Z,"{""anomalyType"":""jam"",""isAnomaly"":true}",2026-05-03T23:32:39.666,alert,2026-05-03T23:32:39.246395Z,edge-gateway-b-ubuntu,anomaly-detector,"{""alertTimestamp"":""2026-05-03T23:32:39.682509Z"",""anomalyTimestamp"":""2026-05-03T23:32:39.276719Z"",""cloudPublishTimestamp"":null,""cloudReceivedTimestamp"":""2026-05-03T23:32:39.682211Z"",""deviceId"":""conveyor-009"",""deviceType"":""conveyor"",""directPublisherReceivedTimestamp"":null,""edgeDetection"":{""anomalyType"":""jam"",""isAnomaly"":true,""matchedRules"":[""conveyor.jam""],""score"":0.91,""severity"":""critical""},""edgeReceivedTimestamp"":""2026-05-03T23:32:39.192285Z"",""experimentId"":""budgeted_800k_s0_s1_s2"",""filteredTimestamp"":""2026-05-03T23:32:39.268028Z"",""groundTruth"":{""anomalyType"":""jam"",""isAnomaly"":true},""messageType"":""alert"",""normalizedTimestamp"":""2026-05-03T23:32:39.246395Z"",""runId"":""s2_90_normal_rep1_smoke_20260504_012304"",""scenario"":""S2_HYBRID"",""sensorTimestamp"":""2026-01-01T00:00:57.477778Z"",""sequence"":52}",s2_90_normal_rep1_smoke_20260504_012304,S2_HYBRID,2026-01-01T00:00:57.477778Z,52
budgeted_800k_s0_s1_s2|S2_HYBRID|s2_90_normal_rep1_smoke_20260504_012304,telemetry|edge-gateway-b-ubuntu|anomaly-detector|conveyor-009|000000000053|15450,2026-05-03T23:32:40.572259Z,2026-05-03T23:32:40.362851Z,2026-05-03T23:32:40.572008Z,conveyor-009,conveyor,jam,"{""anomalyType"":""jam"",""isAnomaly"":true,""matchedRules"":[""conveyor.jam""],""score"":0.91,""severity"":""critical""}",True,2026-05-03T23:32:40.297844Z,budgeted_800k_s0_s1_s2,2026-05-03T23:32:40.360215Z,"{""anomalyType"":""jam"",""isAnomaly"":true}",2026-05-03T23:32:40.53,alert,2026-05-03T23:32:40.303261Z,edge-gateway-b-ubuntu,anomaly-detector,"{""alertTimestamp"":""2026-05-03T23:32:40.572259Z"",""anomalyTimestamp"":""2026-05-03T23:32:40.362851Z"",""cloudPublishTimestamp"":null,""cloudReceivedTimestamp"":""2026-05-03T23:32:40.572008Z"",""deviceId"":""conveyor-009"",""deviceType"":""conveyor"",""directPublisherReceivedTimestamp"":null,""edgeDetection"":{""anomalyType"":""jam"",""isAnomaly"":true,""matchedRules"":[""conveyor.jam""],""score"":0.91,""severity"":""critical""},""edgeReceivedTimestamp"":""2026-05-03T23:32:40.297844Z"",""experimentId"":""budgeted_800k_s0_s1_s2"",""filteredTimestamp"":""2026-05-03T23:32:40.360215Z"",""groundTruth"":{""anomalyType"":""jam"",""isAnomaly"":true},""messageType"":""alert"",""normalizedTimestamp"":""2026-05-03T23:32:40.303261Z"",""runId"":""s2_90_normal_rep1_smoke_20260504_012304"",""scenario"":""S2_HYBRID"",""sensorTimestamp"":""2026-01-01T00:00:58.588889Z"",""sequence"":53}",s2_90_normal_rep1_smoke_20260504_012304,S2_HYBRID,2026-01-01T00:00:58.588889Z,53
budgeted_800k_s0_s1_s2|S2_HYBRID|s2_90_normal_rep1_smoke_20260504_012304,telemetry|edge-gateway-b-ubuntu|anomaly-detector|conveyor-009|000000000054|15465,2026-05-03T23:32:41.846572Z,2026-05-03T23:32:41.493734Z,2026-05-03T23:32:41.846286Z,conveyor-009,conveyor,jam,"{""anomalyType"":""jam"",""isAnomaly"":true,""matchedRules"":[""conveyor.jam""],""score"":0.91,""severity"":""critical""}",True,2026-05-03T23:32:41.466768Z,budgeted_800k_s0_s1_s2,2026-05-03T23:32:41.486909Z,"{""anomalyType"":""jam"",""isAnomaly"":true}",2026-05-03T23:32:41.827,alert,2026-05-03T23:32:41.471588Z,edge-gateway-b-ubuntu,anomaly-detector,"{""alertTimestamp"":""2026-05-03T23:32:41.846572Z"",""anomalyTimestamp"":""2026-05-03T23:32:41.493734Z"",""cloudPublishTimestamp"":null,""cloudReceivedTimestamp"":""2026-05-03T23:32:41.846286Z"",""deviceId"":""conveyor-009"",""deviceType"":""conveyor"",""directPublisherReceivedTimestamp"":null,""edgeDetection"":{""anomalyType"":""jam"",""isAnomaly"":true,""matchedRules"":[""conveyor.jam""],""score"":0.91,""severity"":""critical""},""edgeReceivedTimestamp"":""2026-05-03T23:32:41.466768Z"",""experimentId"":""budgeted_800k_s0_s1_s2"",""filteredTimestamp"":""2026-05-03T23:32:41.486909Z"",""groundTruth"":{""anomalyType"":""jam"",""isAnomaly"":true},""messageType"":""alert"",""normalizedTimestamp"":""2026-05-03T23:32:41.471588Z"",""runId"":""s2_90_normal_rep1_smoke_20260504_012304"",""scenario"":""S2_HYBRID"",""sensorTimestamp"":""2026-01-01T00:00:59.700000Z"",""sequence"":54}",s2_90_normal_rep1_smoke_20260504_012304,S2_HYBRID,2026-01-01T00:00:59.700000Z,54
budgeted_800k_s0_s1_s2|S2_HYBRID|s2_90_normal_rep1_smoke_20260504_012304,telemetry|edge-gateway-b-ubuntu|anomaly-detector|motor-014|000000000046|15342,2026-05-03T23:32:32.299341Z,2026-05-03T23:32:31.956202Z,2026-05-03T23:32:32.299093Z,motor-014,motor,bearing_fault,"{""anomalyType"":""bearing_fault"",""isAnomaly"":true,""matchedRules"":[""motor.bearing_fault""],""score"":0.92,""severity"":""critical""}",True,2026-05-03T23:32:31.887018Z,budgeted_800k_s0_s1_s2,2026-05-03T23:32:31.912802Z,"{""anomalyType"":""bearing_fault"",""isAnomaly"":true}",2026-05-03T23:32:32.274,alert,2026-05-03T23:32:31.899355Z,edge-gateway-b-ubuntu,anomaly-detector,"{""alertTimestamp"":""2026-05-03T23:32:32.299341Z"",""anomalyTimestamp"":""2026-05-03T23:32:31.956202Z"",""cloudPublishTimestamp"":null,""cloudReceivedTimestamp"":""2026-05-03T23:32:32.299093Z"",""deviceId"":""motor-014"",""deviceType"":""motor"",""directPublisherReceivedTimestamp"":null,""edgeDetection"":{""anomalyType"":""bearing_fault"",""isAnomaly"":true,""matchedRules"":[""motor.bearing_fault""],""score"":0.92,""severity"":""critical""},""edgeReceivedTimestamp"":""2026-05-03T23:32:31.887018Z"",""experimentId"":""budgeted_800k_s0_s1_s2"",""filteredTimestamp"":""2026-05-03T23:32:31.912802Z"",""groundTruth"":{""anomalyType"":""bearing_fault"",""isAnomaly"":true},""messageType"":""alert"",""normalizedTimestamp"":""2026-05-03T23:32:31.899355Z"",""runId"":""s2_90_normal_rep1_smoke_20260504_012304"",""scenario"":""S2_HYBRID"",""sensorTimestamp"":""2026-01-01T00:00:50.144444Z"",""sequence"":46}",s2_90_normal_rep1_smoke_20260504_012304,S2_HYBRID,2026-01-01T00:00:50.144444Z,46
budgeted_800k_s0_s1_s2|S2_HYBRID|s2_90_normal_rep1_smoke_20260504_012304,telemetry|edge-gateway-b-ubuntu|anomaly-detector|motor-014|000000000047|15356,2026-05-03T23:32:33.448919Z,2026-05-03T23:32:33.072808Z,2026-05-03T23:32:33.448663Z,motor-014,motor,bearing_fault,"{""anomalyType"":""bearing_fault"",""isAnomaly"":true,""matchedRules"":[""motor.bearing_fault""],""score"":0.92,""severity"":""critical""}",True,2026-05-03T23:32:32.982012Z,budgeted_800k_s0_s1_s2,2026-05-03T23:32:33.068241Z,"{""anomalyType"":""bearing_fault"",""isAnomaly"":true}",2026-05-03T23:32:33.43,alert,2026-05-03T23:32:32.992332Z,edge-gateway-b-ubuntu,anomaly-detector,"{""alertTimestamp"":""2026-05-03T23:32:33.448919Z"",""anomalyTimestamp"":""2026-05-03T23:32:33.072808Z"",""cloudPublishTimestamp"":null,""cloudReceivedTimestamp"":""2026-05-03T23:32:33.448663Z"",""deviceId"":""motor-014"",""deviceType"":""motor"",""directPublisherReceivedTimestamp"":null,""edgeDetection"":{""anomalyType"":""bearing_fault"",""isAnomaly"":true,""matchedRules"":[""motor.bearing_fault""],""score"":0.92,""severity"":""critical""},""edgeReceivedTimestamp"":""2026-05-03T23:32:32.982012Z"",""experimentId"":""budgeted_800k_s0_s1_s2"",""filteredTimestamp"":""2026-05-03T23:32:33.068241Z"",""groundTruth"":{""anomalyType"":""bearing_fault"",""isAnomaly"":true},""messageType"":""alert"",""normalizedTimestamp"":""2026-05-03T23:32:32.992332Z"",""runId"":""s2_90_normal_rep1_smoke_20260504_012304"",""scenario"":""S2_HYBRID"",""sensorTimestamp"":""2026-01-01T00:00:51.255556Z"",""sequence"":47}",s2_90_normal_rep1_smoke_20260504_012304,S2_HYBRID,2026-01-01T00:00:51.255556Z,47
budgeted_800k_s0_s1_s2|S2_HYBRID|s2_90_normal_rep1_smoke_20260504_012304,telemetry|edge-gateway-b-ubuntu|anomaly-detector|motor-014|000000000048|15370,2026-05-03T23:32:34.602749Z,2026-05-03T23:32:34.204780Z,2026-05-03T23:32:34.602491Z,motor-014,motor,bearing_fault,"{""anomalyType"":""bearing_fault"",""isAnomaly"":true,""matchedRules"":[""motor.bearing_fault""],""score"":0.92,""severity"":""critical""}",True,2026-05-03T23:32:34.086535Z,budgeted_800k_s0_s1_s2,2026-05-03T23:32:34.195608Z,"{""anomalyType"":""bearing_fault"",""isAnomaly"":true}",2026-05-03T23:32:34.587,alert,2026-05-03T23:32:34.101928Z,edge-gateway-b-ubuntu,anomaly-detector,"{""alertTimestamp"":""2026-05-03T23:32:34.602749Z"",""anomalyTimestamp"":""2026-05-03T23:32:34.204780Z"",""cloudPublishTimestamp"":null,""cloudReceivedTimestamp"":""2026-05-03T23:32:34.602491Z"",""deviceId"":""motor-014"",""deviceType"":""motor"",""directPublisherReceivedTimestamp"":null,""edgeDetection"":{""anomalyType"":""bearing_fault"",""isAnomaly"":true,""matchedRules"":[""motor.bearing_fault""],""score"":0.92,""severity"":""critical""},""edgeReceivedTimestamp"":""2026-05-03T23:32:34.086535Z"",""experimentId"":""budgeted_800k_s0_s1_s2"",""filteredTimestamp"":""2026-05-03T23:32:34.195608Z"",""groundTruth"":{""anomalyType"":""bearing_fault"",""isAnomaly"":true},""messageType"":""alert"",""normalizedTimestamp"":""2026-05-03T23:32:34.101928Z"",""runId"":""s2_90_normal_rep1_smoke_20260504_012304"",""scenario"":""S2_HYBRID"",""sensorTimestamp"":""2026-01-01T00:00:52.366667Z"",""sequence"":48}",s2_90_normal_rep1_smoke_20260504_012304,S2_HYBRID,2026-01-01T00:00:52.366667Z,48
budgeted_800k_s0_s1_s2|S2_HYBRID|s2_90_normal_rep1_smoke_20260504_012304,telemetry|edge-gateway-b-ubuntu|anomaly-detector|motor-014|000000000049|15385,2026-05-03T23:32:35.536643Z,2026-05-03T23:32:35.292645Z,2026-05-03T23:32:35.536378Z,motor-014,motor,bearing_fault,"{""anomalyType"":""bearing_fault"",""isAnomaly"":true,""matchedRules"":[""motor.bearing_fault""],""score"":0.92,""severity"":""critical""}",True,2026-05-03T23:32:35.215826Z,budgeted_800k_s0_s1_s2,2026-05-03T23:32:35.283239Z,"{""anomalyType"":""bearing_fault"",""isAnomaly"":true}",2026-05-03T23:32:35.446,alert,2026-05-03T23:32:35.235990Z,edge-gateway-b-ubuntu,anomaly-detector,"{""alertTimestamp"":""2026-05-03T23:32:35.536643Z"",""anomalyTimestamp"":""2026-05-03T23:32:35.292645Z"",""cloudPublishTimestamp"":null,""cloudReceivedTimestamp"":""2026-05-03T23:32:35.536378Z"",""deviceId"":""motor-014"",""deviceType"":""motor"",""directPublisherReceivedTimestamp"":null,""edgeDetection"":{""anomalyType"":""bearing_fault"",""isAnomaly"":true,""matchedRules"":[""motor.bearing_fault""],""score"":0.92,""severity"":""critical""},""edgeReceivedTimestamp"":""2026-05-03T23:32:35.215826Z"",""experimentId"":""budgeted_800k_s0_s1_s2"",""filteredTimestamp"":""2026-05-03T23:32:35.283239Z"",""groundTruth"":{""anomalyType"":""bearing_fault"",""isAnomaly"":true},""messageType"":""alert"",""normalizedTimestamp"":""2026-05-03T23:32:35.235990Z"",""runId"":""s2_90_normal_rep1_smoke_20260504_012304"",""scenario"":""S2_HYBRID"",""sensorTimestamp"":""2026-01-01T00:00:53.477778Z"",""sequence"":49}",s2_90_normal_rep1_smoke_20260504_012304,S2_HYBRID,2026-01-01T00:00:53.477778Z,49
budgeted_800k_s0_s1_s2|S2_HYBRID|s2_90_normal_rep1_smoke_20260504_012304,telemetry|edge-gateway-b-ubuntu|anomaly-detector|motor-014|000000000050|15399,2026-05-03T23:32:36.639364Z,2026-05-03T23:32:36.416733Z,2026-05-03T23:32:36.639106Z,motor-014,motor,bearing_fault,"{""anomalyType"":""bearing_fault"",""isAnomaly"":true,""matchedRules"":[""motor.bearing_fault""],""score"":0.92,""severity"":""critical""}",True,2026-05-03T23:32:36.321628Z,budgeted_800k_s0_s1_s2,2026-05-03T23:32:36.409439Z,"{""anomalyType"":""bearing_fault"",""isAnomaly"":true}",2026-05-03T23:32:36.618,alert,2026-05-03T23:32:36.334490Z,edge-gateway-b-ubuntu,anomaly-detector,"{""alertTimestamp"":""2026-05-03T23:32:36.639364Z"",""anomalyTimestamp"":""2026-05-03T23:32:36.416733Z"",""cloudPublishTimestamp"":null,""cloudReceivedTimestamp"":""2026-05-03T23:32:36.639106Z"",""deviceId"":""motor-014"",""deviceType"":""motor"",""directPublisherReceivedTimestamp"":null,""edgeDetection"":{""anomalyType"":""bearing_fault"",""isAnomaly"":true,""matchedRules"":[""motor.bearing_fault""],""score"":0.92,""severity"":""critical""},""edgeReceivedTimestamp"":""2026-05-03T23:32:36.321628Z"",""experimentId"":""budgeted_800k_s0_s1_s2"",""filteredTimestamp"":""2026-05-03T23:32:36.409439Z"",""groundTruth"":{""anomalyType"":""bearing_fault"",""isAnomaly"":true},""messageType"":""alert"",""normalizedTimestamp"":""2026-05-03T23:32:36.334490Z"",""runId"":""s2_90_normal_rep1_smoke_20260504_012304"",""scenario"":""S2_HYBRID"",""sensorTimestamp"":""2026-01-01T00:00:54.588889Z"",""sequence"":50}",s2_90_normal_rep1_smoke_20260504_012304,S2_HYBRID,2026-01-01T00:00:54.588889Z,50
budgeted_800k_s0_s1_s2|S2_HYBRID|s2_90_normal_rep1_smoke_20260504_012304,telemetry|edge-gateway-b-ubuntu|anomaly-detector|motor-014|000000000051|15414,2026-05-03T23:32:37.952882Z,2026-05-03T23:32:37.525320Z,2026-05-03T23:32:37.952634Z,motor-014,motor,bearing_fault,"{""anomalyType"":""bearing_fault"",""isAnomaly"":true,""matchedRules"":[""motor.bearing_fault""],""score"":0.92,""severity"":""critical""}",True,2026-05-03T23:32:37.467967Z,budgeted_800k_s0_s1_s2,2026-05-03T23:32:37.514406Z,"{""anomalyType"":""bearing_fault"",""isAnomaly"":true}",2026-05-03T23:32:37.931,alert,2026-05-03T23:32:37.479976Z,edge-gateway-b-ubuntu,anomaly-detector,"{""alertTimestamp"":""2026-05-03T23:32:37.952882Z"",""anomalyTimestamp"":""2026-05-03T23:32:37.525320Z"",""cloudPublishTimestamp"":null,""cloudReceivedTimestamp"":""2026-05-03T23:32:37.952634Z"",""deviceId"":""motor-014"",""deviceType"":""motor"",""directPublisherReceivedTimestamp"":null,""edgeDetection"":{""anomalyType"":""bearing_fault"",""isAnomaly"":true,""matchedRules"":[""motor.bearing_fault""],""score"":0.92,""severity"":""critical""},""edgeReceivedTimestamp"":""2026-05-03T23:32:37.467967Z"",""experimentId"":""budgeted_800k_s0_s1_s2"",""filteredTimestamp"":""2026-05-03T23:32:37.514406Z"",""groundTruth"":{""anomalyType"":""bearing_fault"",""isAnomaly"":true},""messageType"":""alert"",""normalizedTimestamp"":""2026-05-03T23:32:37.479976Z"",""runId"":""s2_90_normal_rep1_smoke_20260504_012304"",""scenario"":""S2_HYBRID"",""sensorTimestamp"":""2026-01-01T00:00:55.700000Z"",""sequence"":51}",s2_90_normal_rep1_smoke_20260504_012304,S2_HYBRID,2026-01-01T00:00:55.700000Z,51
budgeted_800k_s0_s1_s2|S2_HYBRID|s2_90_normal_rep1_smoke_20260504_012304,telemetry|edge-gateway-b-ubuntu|anomaly-detector|motor-014|000000000052|15428,2026-05-03T23:32:38.962525Z,2026-05-03T23:32:38.602141Z,2026-05-03T23:32:38.962251Z,motor-014,motor,bearing_fault,"{""anomalyType"":""bearing_fault"",""isAnomaly"":true,""matchedRules"":[""motor.bearing_fault""],""score"":0.92,""severity"":""critical""}",True,2026-05-03T23:32:38.563647Z,budgeted_800k_s0_s1_s2,2026-05-03T23:32:38.595189Z,"{""anomalyType"":""bearing_fault"",""isAnomaly"":true}",2026-05-03T23:32:38.947,alert,2026-05-03T23:32:38.568344Z,edge-gateway-b-ubuntu,anomaly-detector,"{""alertTimestamp"":""2026-05-03T23:32:38.962525Z"",""anomalyTimestamp"":""2026-05-03T23:32:38.602141Z"",""cloudPublishTimestamp"":null,""cloudReceivedTimestamp"":""2026-05-03T23:32:38.962251Z"",""deviceId"":""motor-014"",""deviceType"":""motor"",""directPublisherReceivedTimestamp"":null,""edgeDetection"":{""anomalyType"":""bearing_fault"",""isAnomaly"":true,""matchedRules"":[""motor.bearing_fault""],""score"":0.92,""severity"":""critical""},""edgeReceivedTimestamp"":""2026-05-03T23:32:38.563647Z"",""experimentId"":""budgeted_800k_s0_s1_s2"",""filteredTimestamp"":""2026-05-03T23:32:38.595189Z"",""groundTruth"":{""anomalyType"":""bearing_fault"",""isAnomaly"":true},""messageType"":""alert"",""normalizedTimestamp"":""2026-05-03T23:32:38.568344Z"",""runId"":""s2_90_normal_rep1_smoke_20260504_012304"",""scenario"":""S2_HYBRID"",""sensorTimestamp"":""2026-01-01T00:00:56.811111Z"",""sequence"":52}",s2_90_normal_rep1_smoke_20260504_012304,S2_HYBRID,2026-01-01T00:00:56.811111Z,52
budgeted_800k_s0_s1_s2|S2_HYBRID|s2_90_normal_rep1_smoke_20260504_012304,telemetry|edge-gateway-b-ubuntu|anomaly-detector|motor-014|000000000053|15444,2026-05-03T23:32:40.137467Z,2026-05-03T23:32:39.697093Z,2026-05-03T23:32:40.137225Z,motor-014,motor,bearing_fault,"{""anomalyType"":""bearing_fault"",""isAnomaly"":true,""matchedRules"":[""motor.bearing_fault""],""score"":0.92,""severity"":""critical""}",True,2026-05-03T23:32:39.670821Z,budgeted_800k_s0_s1_s2,2026-05-03T23:32:39.692520Z,"{""anomalyType"":""bearing_fault"",""isAnomaly"":true}",2026-05-03T23:32:40.092,alert,2026-05-03T23:32:39.679175Z,edge-gateway-b-ubuntu,anomaly-detector,"{""alertTimestamp"":""2026-05-03T23:32:40.137467Z"",""anomalyTimestamp"":""2026-05-03T23:32:39.697093Z"",""cloudPublishTimestamp"":null,""cloudReceivedTimestamp"":""2026-05-03T23:32:40.137225Z"",""deviceId"":""motor-014"",""deviceType"":""motor"",""directPublisherReceivedTimestamp"":null,""edgeDetection"":{""anomalyType"":""bearing_fault"",""isAnomaly"":true,""matchedRules"":[""motor.bearing_fault""],""score"":0.92,""severity"":""critical""},""edgeReceivedTimestamp"":""2026-05-03T23:32:39.670821Z"",""experimentId"":""budgeted_800k_s0_s1_s2"",""filteredTimestamp"":""2026-05-03T23:32:39.692520Z"",""groundTruth"":{""anomalyType"":""bearing_fault"",""isAnomaly"":true},""messageType"":""alert"",""normalizedTimestamp"":""2026-05-03T23:32:39.679175Z"",""runId"":""s2_90_normal_rep1_smoke_20260504_012304"",""scenario"":""S2_HYBRID"",""sensorTimestamp"":""2026-01-01T00:00:57.922222Z"",""sequence"":53}",s2_90_normal_rep1_smoke_20260504_012304,S2_HYBRID,2026-01-01T00:00:57.922222Z,53
budgeted_800k_s0_s1_s2|S2_HYBRID|s2_90_normal_rep1_smoke_20260504_012304,telemetry|edge-gateway-b-ubuntu|anomaly-detector|motor-014|000000000054|15456,2026-05-03T23:32:40.981328Z,2026-05-03T23:32:40.806292Z,2026-05-03T23:32:40.980975Z,motor-014,motor,bearing_fault,"{""anomalyType"":""bearing_fault"",""isAnomaly"":true,""matchedRules"":[""motor.bearing_fault""],""score"":0.92,""severity"":""critical""}",True,2026-05-03T23:32:40.778207Z,budgeted_800k_s0_s1_s2,2026-05-03T23:32:40.796674Z,"{""anomalyType"":""bearing_fault"",""isAnomaly"":true}",2026-05-03T23:32:40.967,alert,2026-05-03T23:32:40.784301Z,edge-gateway-b-ubuntu,anomaly-detector,"{""alertTimestamp"":""2026-05-03T23:32:40.981328Z"",""anomalyTimestamp"":""2026-05-03T23:32:40.806292Z"",""cloudPublishTimestamp"":null,""cloudReceivedTimestamp"":""2026-05-03T23:32:40.980975Z"",""deviceId"":""motor-014"",""deviceType"":""motor"",""directPublisherReceivedTimestamp"":null,""edgeDetection"":{""anomalyType"":""bearing_fault"",""isAnomaly"":true,""matchedRules"":[""motor.bearing_fault""],""score"":0.92,""severity"":""critical""},""edgeReceivedTimestamp"":""2026-05-03T23:32:40.778207Z"",""experimentId"":""budgeted_800k_s0_s1_s2"",""filteredTimestamp"":""2026-05-03T23:32:40.796674Z"",""groundTruth"":{""anomalyType"":""bearing_fault"",""isAnomaly"":true},""messageType"":""alert"",""normalizedTimestamp"":""2026-05-03T23:32:40.784301Z"",""runId"":""s2_90_normal_rep1_smoke_20260504_012304"",""scenario"":""S2_HYBRID"",""sensorTimestamp"":""2026-01-01T00:00:59.033333Z"",""sequence"":54}",s2_90_normal_rep1_smoke_20260504_012304,S2_HYBRID,2026-01-01T00:00:59.033333Z,54
